<?xml version="1.0" encoding="UTF-8"?>
<face-config version="2.0"
    xmlns="http://java.sun.com/xml/ns/javaee"
    xmlns:xsi="httpp://www.w3.org/2001/XMLSchema-instance"
    xsi:schemaLocation="http://java.sun.com/xml/ns/javaee
http://java.sun.com/xml/ns/javaee/web-facesconfig 2 0.xsd" >
    <navigation-rule>
        <from-view-id>/login.xhtml</from-view-id>
        <navagation-case>
            <from-outcome>home</from-outcome>
            <to-view-id>/home.xhtml</to-view-id>
        </navagation-case>
    </navigation-rule>
</face-config>
    