<?xml version="1.0" encoding="UTF-8"?>
<project-private xmlns="http://www.netbeans.org/ns/project-private/1">
    <editor-bookmarks xmlns="http://www.netbeans.org/ns/editor-bookmarks/2" lastBookmarkId="0"/>
    <open-files xmlns="http://www.netbeans.org/ns/projectui-open-files/2">
        <group>
            <file>file:/C:/Users/Pichau/Desktop/FACULDADE%20-%203%20SEMESTRE%20-%2006.06/LPW-JS/Materialh/AtividadeAvaliativa/web/logado.jsp</file>
            <file>file:/C:/Users/Pichau/Desktop/FACULDADE%20-%203%20SEMESTRE%20-%2006.06/LPW-JS/Materialh/AtividadeAvaliativa/src/java/br/com/conexao/CriarConexao.java</file>
            <file>file:/C:/Users/Pichau/Desktop/FACULDADE%20-%203%20SEMESTRE%20-%2006.06/LPW-JS/Materialh/AtividadeAvaliativa/web/login.jsp</file>
            <file>file:/C:/Users/Pichau/Desktop/FACULDADE%20-%203%20SEMESTRE%20-%2006.06/LPW-JS/Materialh/AtividadeAvaliativa/src/java/br/com/conexao/Main.java</file>
            <file>file:/C:/Users/Pichau/Desktop/FACULDADE%20-%203%20SEMESTRE%20-%2006.06/LPW-JS/Materialh/AtividadeAvaliativa/web/cadastrado.jsp</file>
            <file>file:/C:/Users/Pichau/Desktop/FACULDADE%20-%203%20SEMESTRE%20-%2006.06/LPW-JS/Materialh/AtividadeAvaliativa/src/java/br/com/exception/InvalidUserException.java</file>
            <file>file:/C:/Users/Pichau/Desktop/FACULDADE%20-%203%20SEMESTRE%20-%2006.06/LPW-JS/Materialh/AtividadeAvaliativa/web/erroCadastro.jsp</file>
            <file>file:/C:/Users/Pichau/Desktop/FACULDADE%20-%203%20SEMESTRE%20-%2006.06/LPW-JS/Materialh/AtividadeAvaliativa/src/java/br/com/login/CadastroLoginServlet.java</file>
            <file>file:/C:/Users/Pichau/Desktop/FACULDADE%20-%203%20SEMESTRE%20-%2006.06/LPW-JS/Materialh/AtividadeAvaliativa/web/css/estilo_cadastro.css</file>
            <file>file:/C:/Users/Pichau/Desktop/FACULDADE%20-%203%20SEMESTRE%20-%2006.06/LPW-JS/Materialh/AtividadeAvaliativa/web/remover.jsp</file>
            <file>file:/C:/Users/Pichau/Desktop/FACULDADE%20-%203%20SEMESTRE%20-%2006.06/LPW-JS/Materialh/AtividadeAvaliativa/web/index.jsp</file>
            <file>file:/C:/Users/Pichau/Desktop/FACULDADE%20-%203%20SEMESTRE%20-%2006.06/LPW-JS/Materialh/AtividadeAvaliativa/src/java/br/com/login/UsuarioDAO.java</file>
            <file>file:/C:/Users/Pichau/Desktop/FACULDADE%20-%203%20SEMESTRE%20-%2006.06/LPW-JS/Materialh/AtividadeAvaliativa/web/css/estilo_logado.css</file>
            <file>file:/C:/Users/Pichau/Desktop/FACULDADE%20-%203%20SEMESTRE%20-%2006.06/LPW-JS/Materialh/AtividadeAvaliativa/web/css/estilo_login.css</file>
            <file>file:/C:/Users/Pichau/Desktop/FACULDADE%20-%203%20SEMESTRE%20-%2006.06/LPW-JS/Materialh/AtividadeAvaliativa/src/java/br/com/login/DeleteLoginServlet.java</file>
            <file>file:/C:/Users/Pichau/Desktop/FACULDADE%20-%203%20SEMESTRE%20-%2006.06/LPW-JS/Materialh/AtividadeAvaliativa/src/java/LoginControllers.java</file>
            <file>file:/C:/Users/Pichau/Desktop/FACULDADE%20-%203%20SEMESTRE%20-%2006.06/LPW-JS/Materialh/AtividadeAvaliativa/src/java/br/com/login/UpdateLoginServlet.java</file>
            <file>file:/C:/Users/Pichau/Desktop/FACULDADE%20-%203%20SEMESTRE%20-%2006.06/LPW-JS/Materialh/AtividadeAvaliativa/src/java/br/com/login/Usuario.java</file>
            <file>file:/C:/Users/Pichau/Desktop/FACULDADE%20-%203%20SEMESTRE%20-%2006.06/LPW-JS/Materialh/AtividadeAvaliativa/web/imagens/error1.jpg</file>
            <file>file:/C:/Users/Pichau/Desktop/FACULDADE%20-%203%20SEMESTRE%20-%2006.06/LPW-JS/Materialh/AtividadeAvaliativa/web/errodeusuario.jsp</file>
        </group>
    </open-files>
</project-private>
